5132644, 5108152, 5187529
5168761, 5206063, 5187529
5213780, 5291478, 5231935
5311099, 5325216, 5331657
5343377, 5402788, 5374761
5423352, 5477706, 5439000
5487352, 5524209, 5521115
5574517, 5576983, 5613294
5586061, 5700272, 5631952
5649810, 5721593, 5671515
5696832, 5749303, 5770768
5746099, 5907692, 5808621
5857204, 5914767, 5870827
5869324, 5974450, 5908388
5902672, 6025805, 5981588
5957414, 6095400, 5991693
6026726, 6130714, 6068944
6086858, 6185873, 6089652
6113192, 6280438, 6126677
6120919, 6304824, 6160394
6166694, 6338390, 6188805
6222415, 6459588, 6277128
6262650, 6484632, 6326583
6347311, 6527373, 6363183
6347311, 6632773, 6376254
6360556, 6670138, 6431626
6401748, 6717067, 6446946
6449933, 6748041, 6587169
6473620, 6845759, 6587169
6480131, 6903681, 6587169
6532161, 6940222, 6587169
6580260, 6940222, 6597324
6580260, 6996732, 6610193
6590043, 7017892, 6673631
6665807, 7075885, 6745074
6665807, 7109471, 6745074
6689582, 7111627, 6745074
6732464, 7111627, 6794501
6737009, 7111729, 6819010
6757192, 7111852, 6831324
6817279, 7111910, 6864285
6817279, 7111932, 6864285
6889599, 7111932, 6910182
6889599, 7111932, 6979037
6889599, 7111932, 6979037
6894188, 7111932, 7002690
6921096, 7111932, 7002690
6927156, 7111932, 7013284
6930999, 7111932, 7014606
6972869, 7111932, 7026692
6972869, 7111932, 7026692
6988353, 7111936, 7026692
7007633, 7111936, 7026692
7007633, 7111936, 7026692
7035708, 7111936, 7026692
7087873, 7111936, 7026692
7087873, 7111936, 7026692
7096920, 7111936, 7026692
7097862, 7111936, 7026692
7107198, 7111936, 7026692
7107198, 7111936, 7026692
7110894, 7111936, 7026692
7111250, 7111936, 7026692
7111755, 7111936, 7026692
7111755, 7111936, 7026692
7111755, 7111936, 7026692
7111755, 7111936, 7026692
7111826, 7111936, 7026692
7111931, 7111936, 7026692
7111931, 7111936, 7026692
7111931, 7111936, 7026692
7111931, 7111936, 7026692
7111931, 7111936, 7026692
7111931, 7111936, 7026692
7111931, 7111936, 7026692
7111931, 7111936, 7026692
7111931, 7111936, 7026692
7111931, 7111936, 7026692
7111931, 7111936, 7026692
7111931, 7111936, 7026692
7111931, 7111936, 7026692
7111931, 7111936, 7026692
7111931, 7111936, 7026692
7111931, 7111936, 7026692
7111931, 7111936, 7026692
7111931, 7111936, 7026692
7111931, 7111936, 7026692
7111931, 7111936, 7026692
7111931, 7111936, 7026692
7111931, 7111936, 7026692
7111931, 7111936, 7026692
7111931, 7111936, 7026692
7111931, 7111936, 7026692
7111931, 7111936, 7026692
7111931, 7111936, 7026692
7111931, 7111936, 7026692
7111931, 7111936, 7026692
7111931, 7111936, 7026692
7111931, 7111936, 7026692
7111931, 7111936, 7026692
7111931, 7111936, 7026692
7111931, 7111936, 7026692
7111931, 7111936, 7026692
7111931, 7111936, 7026692
7111931, 7111936, 7026692
7111931, 7111936, 7026692
7111931, 7111936, 7026692
7111931, 7111936, 7026692
7111931, 7111936, 7026692
7111931, 7111936, 7026692
7111931, 7111936, 7026692
7111931, 7111936, 7026692
7111931, 7111936, 7026692
7111931, 7111936, 7026692
7111931, 7111936, 7026692
7111931, 7111936, 7026692
7111931, 7111936, 7026692
7111931, 7111936, 7026692
7111931, 7111936, 7026692
7111931, 7111936, 7026692
7111931, 7111936, 7026692
7111931, 7111936, 7026692
7111931, 7111936, 7026692
7111931, 7111936, 7026692
7111931, 7111936, 7026692
7111931, 7111936, 7026692
7111931, 7111936, 7026692
7111931, 7111936, 7026692
7111931, 7111936, 7026692
7111931, 7111936, 7026692
7111931, 7111936, 7026692
7111931, 7111936, 7026692
7111931, 7111936, 7026692
7111931, 7111936, 7026692
7111931, 7111936, 7026692
7111931, 7111936, 7026692
7111931, 7111936, 7026692
7111931, 7111936, 7026692
7111931, 7111936, 7026692
7111931, 7111936, 7026692
7111931, 7111936, 7026692
7111931, 7111936, 7026692
7111931, 7111936, 7026692
7111931, 7111936, 7026692
7111931, 7111936, 7026692
7111931, 7111936, 7026692
7111931, 7111936, 7026692
7111931, 7111936, 7026692
7111931, 7111936, 7026692
7111931, 7111936, 7026692
7111931, 7111936, 7026692
7111931, 7111936, 7026692
7111931, 7111936, 7026692
7111931, 7111936, 7026692
7111931, 7111936, 7026692
7111931, 7111936, 7026692
7111931, 7111936, 7026692
7111931, 7111936, 7026692
7111931, 7111936, 7026692
7111931, 7111936, 7026692
7111931, 7111936, 7026692
7111931, 7111936, 7026692
7111931, 7111936, 7026692
7111931, 7111936, 7026692
7111931, 7111936, 7026692
7111931, 7111936, 7026692
7111931, 7111936, 7026692
7111931, 7111936, 7026692
7111931, 7111936, 7026692
7111931, 7111936, 7026692
7111931, 7111936, 7026692
7111931, 7111936, 7026692
7111931, 7111936, 7026692
7111931, 7111936, 7026692
7111931, 7111936, 7026692
7111931, 7111936, 7026692
7111931, 7111936, 7026692
7111931, 7111936, 7026692
7111931, 7111936, 7026692
7111931, 7111936, 7026692
7111931, 7111936, 7026692
7111931, 7111936, 7026692
7111931, 7111936, 7026692
7111931, 7111936, 7026692
7111931, 7111936, 7026692
7111931, 7111936, 7026692
7111931, 7111936, 7026692
7111931, 7111936, 7026692
7111931, 7111936, 7026692
7111931, 7111936, 7026692
7111931, 7111936, 7026692
7111931, 7111936, 7026692
7111931, 7111936, 7026692
7111931, 7111936, 7026692
7111931, 7111936, 7026692
7111931, 7111936, 7026692
7111931, 7111936, 7026692
7111931, 7111936, 7026692
7111931, 7111936, 7026692
7111931, 7111936, 7026692
