4843422, 4846031, 4834577, 4838038, 4846180, 4842442, 4842446, 4839134, 4832579, 4846456, 4835176, 4839322, 4818242, 4834762, 4840123, 4844794, 4831981, 4840259, 4842928, 4833883, 4842287, 4822809, 4839983, 4832479, 4822704, 4839107, 4846632, 4828710, 4828489, 4844624
4843422, 4846031, 4844512, 4838038, 4846225, 4842442, 4845408, 4845797, 4840502, 4846456, 4846270, 4843244, 4846602, 4840145, 4840123, 4846403, 4843878, 4845076, 4842928, 4841978, 4842287, 4841856, 4841186, 4845610, 4844070, 4845708, 4846632, 4842645, 4831537, 4846411
4844041, 4846353, 4846007, 4842189, 4846225, 4846138, 4845894, 4845804, 4840995, 4846456, 4846270, 4846586, 4846602, 4846458, 4846415, 4846403, 4844772, 4845076, 4843433, 4841978, 4842287, 4845198, 4841186, 4845610, 4844872, 4846493, 4846632, 4843007, 4844123, 4846638
4844683, 4846353, 4846007, 4846476, 4846225, 4846138, 4845894, 4845804, 4844166, 4846456, 4846270, 4846586, 4846602, 4846458, 4846415, 4846403, 4846053, 4845076, 4844767, 4846440, 4844378, 4846121, 4842896, 4846576, 4845457, 4846493, 4846632, 4846508, 4844604, 4846638
4846264, 4846353, 4846007, 4846476, 4846607, 4846374, 4845894, 4845804, 4845756, 4846456, 4846270, 4846586, 4846602, 4846458, 4846587, 4846403, 4846353, 4845856, 4844815, 4846448, 4846013, 4846121, 4842896, 4846576, 4845832, 4846590, 4846632, 4846508, 4846391, 4846638
4846264, 4846353, 4846007, 4846476, 4846607, 4846374, 4845951, 4845804, 4845756, 4846552, 4846270, 4846586, 4846602, 4846458, 4846587, 4846403, 4846353, 4845856, 4844815, 4846448, 4846013, 4846336, 4842896, 4846576, 4845832, 4846590, 4846632, 4846508, 4846391, 4846638
4846264, 4846557, 4846007, 4846585, 4846607, 4846374, 4845951, 4845804, 4845756, 4846619, 4846270, 4846586, 4846602, 4846458, 4846587, 4846403, 4846353, 4845856, 4845142, 4846448, 4846013, 4846336, 4846585, 4846576, 4845832, 4846590, 4846632, 4846508, 4846423, 4846638
4846353, 4846557, 4846007, 4846585, 4846607, 4846374, 4845951, 4846462, 4845756, 4846619, 4846270, 4846586, 4846602, 4846458, 4846587, 4846403, 4846353, 4846489, 4845142, 4846448, 4846434, 4846424, 4846585, 4846576, 4845832, 4846590, 4846632, 4846508, 4846423, 4846638
4846654, 4846557, 4846007, 4846585, 4846645, 4846374, 4845951, 4846462, 4846536, 4846619, 4846270, 4846586, 4846602, 4846458, 4846587, 4846403, 4846658, 4846489, 4846329, 4846448, 4846434, 4846424, 4846585, 4846576, 4845832, 4846590, 4846632, 4846508, 4846423, 4846638
4846654, 4846557, 4846096, 4846631, 4846645, 4846515, 4845951, 4846462, 4846536, 4846619, 4846346, 4846656, 4846602, 4846458, 4846587, 4846403, 4846658, 4846489, 4846613, 4846448, 4846434, 4846424, 4846585, 4846576, 4845832, 4846590, 4846632, 4846508, 4846423, 4846638
4846654, 4846557, 4846096, 4846631, 4846645, 4846515, 4845951, 4846462, 4846536, 4846619, 4846575, 4846656, 4846602, 4846458, 4846587, 4846403, 4846658, 4846660, 4846613, 4846448, 4846434, 4846439, 4846585, 4846642, 4845832, 4846590, 4846632, 4846626, 4846423, 4846638
4846654, 4846557, 4846096, 4846631, 4846645, 4846515, 4845956, 4846462, 4846536, 4846619, 4846575, 4846656, 4846602, 4846508, 4846587, 4846403, 4846658, 4846660, 4846613, 4846448, 4846434, 4846515, 4846585, 4846642, 4845832, 4846590, 4846632, 4846626, 4846423, 4846638
4846654, 4846557, 4846434, 4846631, 4846645, 4846515, 4846573, 4846462, 4846536, 4846619, 4846575, 4846656, 4846602, 4846508, 4846587, 4846403, 4846658, 4846660, 4846613, 4846448, 4846434, 4846515, 4846585, 4846642, 4846130, 4846590, 4846632, 4846626, 4846423, 4846638
4846654, 4846557, 4846505, 4846631, 4846645, 4846515, 4846573, 4846462, 4846536, 4846619, 4846575, 4846656, 4846602, 4846508, 4846587, 4846403, 4846658, 4846660, 4846613, 4846448, 4846434, 4846515, 4846585, 4846642, 4846130, 4846590, 4846632, 4846626, 4846423, 4846638
4846682, 4846557, 4846505, 4846631, 4846645, 4846515, 4846573, 4846627, 4846536, 4846619, 4846575, 4846656, 4846602, 4846616, 4846587, 4846403, 4846658, 4846660, 4846613, 4846537, 4846434, 4846515, 4846585, 4846642, 4846130, 4846590, 4846632, 4846626, 4846423, 4846638
4846682, 4846557, 4846505, 4846631, 4846645, 4846515, 4846573, 4846627, 4846536, 4846619, 4846575, 4846656, 4846602, 4846616, 4846587, 4846403, 4846658, 4846660, 4846613, 4846537, 4846434, 4846629, 4846585, 4846642, 4846130, 4846590, 4846632, 4846626, 4846601, 4846638
4846682, 4846579, 4846505, 4846631, 4846645, 4846515, 4846573, 4846627, 4846536, 4846619, 4846575, 4846656, 4846602, 4846616, 4846587, 4846403, 4846658, 4846660, 4846613, 4846537, 4846441, 4846629, 4846585, 4846642, 4846130, 4846590, 4846632, 4846626, 4846601, 4846638
4846682, 4846579, 4846505, 4846631, 4846645, 4846515, 4846573, 4846627, 4846536, 4846619, 4846575, 4846656, 4846602, 4846618, 4846587, 4846403, 4846658, 4846660, 4846613, 4846537, 4846441, 4846629, 4846585, 4846651, 4846193, 4846590, 4846632, 4846626, 4846601, 4846638
4846682, 4846579, 4846505, 4846631, 4846645, 4846515, 4846573, 4846627, 4846536, 4846619, 4846575, 4846656, 4846602, 4846618, 4846587, 4846483, 4846658, 4846660, 4846613, 4846537, 4846441, 4846629, 4846585, 4846651, 4846610, 4846590, 4846632, 4846626, 4846601, 4846638
4846682, 4846594, 4846505, 4846631, 4846645, 4846515, 4846573, 4846627, 4846536, 4846619, 4846575, 4846656, 4846602, 4846618, 4846587, 4846483, 4846658, 4846660, 4846613, 4846537, 4846441, 4846629, 4846585, 4846651, 4846610, 4846590, 4846632, 4846626, 4846601, 4846638
4846682, 4846594, 4846505, 4846631, 4846645, 4846515, 4846573, 4846627, 4846536, 4846619, 4846575, 4846656, 4846602, 4846618, 4846587, 4846624, 4846658, 4846660, 4846613, 4846537, 4846441, 4846629, 4846585, 4846651, 4846610, 4846590, 4846632, 4846626, 4846601, 4846638
4846682, 4846594, 4846505, 4846631, 4846645, 4846515, 4846573, 4846627, 4846536, 4846619, 4846575, 4846656, 4846602, 4846618, 4846587, 4846624, 4846658, 4846660, 4846613, 4846537, 4846638, 4846629, 4846585, 4846651, 4846610, 4846590, 4846632, 4846626, 4846601, 4846638
4846682, 4846594, 4846669, 4846631, 4846666, 4846515, 4846573, 4846627, 4846536, 4846619, 4846575, 4846656, 4846602, 4846618, 4846587, 4846624, 4846658, 4846660, 4846613, 4846537, 4846638, 4846629, 4846585, 4846651, 4846610, 4846590, 4846632, 4846626, 4846601, 4846638
4846682, 4846673, 4846669, 4846631, 4846666, 4846515, 4846573, 4846627, 4846536, 4846619, 4846575, 4846656, 4846670, 4846618, 4846587, 4846624, 4846665, 4846660, 4846613, 4846537, 4846638, 4846629, 4846585, 4846651, 4846610, 4846590, 4846632, 4846626, 4846601, 4846638
4846682, 4846673, 4846669, 4846631, 4846666, 4846515, 4846589, 4846627, 4846536, 4846619, 4846575, 4846656, 4846670, 4846618, 4846587, 4846652, 4846665, 4846660, 4846613, 4846537, 4846638, 4846629, 4846585, 4846651, 4846610, 4846590, 4846632, 4846626, 4846601, 4846638
4846682, 4846673, 4846669, 4846631, 4846666, 4846515, 4846589, 4846627, 4846536, 4846619, 4846575, 4846656, 4846670, 4846618, 4846587, 4846652, 4846665, 4846660, 4846613, 4846537, 4846638, 4846629, 4846585, 4846651, 4846610, 4846590, 4846632, 4846626, 4846601, 4846638
4846682, 4846673, 4846669, 4846631, 4846666, 4846515, 4846589, 4846627, 4846536, 4846619, 4846575, 4846656, 4846670, 4846618, 4846587, 4846652, 4846665, 4846660, 4846613, 4846537, 4846638, 4846629, 4846585, 4846651, 4846610, 4846590, 4846632, 4846626, 4846601, 4846638
4846682, 4846673, 4846669, 4846631, 4846666, 4846515, 4846589, 4846627, 4846639, 4846619, 4846575, 4846656, 4846670, 4846618, 4846587, 4846652, 4846665, 4846660, 4846613, 4846537, 4846638, 4846629, 4846585, 4846651, 4846610, 4846590, 4846632, 4846638, 4846619, 4846638
4846682, 4846673, 4846669, 4846631, 4846666, 4846515, 4846589, 4846627, 4846639, 4846619, 4846575, 4846656, 4846670, 4846618, 4846587, 4846652, 4846665, 4846660, 4846613, 4846537, 4846638, 4846629, 4846585, 4846651, 4846610, 4846590, 4846632, 4846638, 4846619, 4846638
4846682, 4846673, 4846669, 4846631, 4846666, 4846643, 4846589, 4846627, 4846639, 4846619, 4846575, 4846656, 4846670, 4846618, 4846587, 4846652, 4846665, 4846660, 4846613, 4846537, 4846638, 4846629, 4846585, 4846651, 4846610, 4846590, 4846632, 4846638, 4846619, 4846638
4846682, 4846673, 4846669, 4846631, 4846666, 4846643, 4846589, 4846659, 4846642, 4846619, 4846575, 4846656, 4846670, 4846618, 4846587, 4846652, 4846665, 4846660, 4846613, 4846537, 4846638, 4846629, 4846585, 4846651, 4846610, 4846590, 4846632, 4846638, 4846619, 4846658
4846682, 4846673, 4846669, 4846631, 4846666, 4846643, 4846589, 4846659, 4846642, 4846619, 4846575, 4846656, 4846670, 4846618, 4846635, 4846652, 4846665, 4846660, 4846613, 4846537, 4846638, 4846629, 4846606, 4846651, 4846610, 4846590, 4846632, 4846638, 4846619, 4846658
4846682, 4846673, 4846669, 4846631, 4846666, 4846643, 4846589, 4846659, 4846642, 4846619, 4846575, 4846656, 4846670, 4846618, 4846635, 4846652, 4846665, 4846660, 4846613, 4846537, 4846638, 4846629, 4846606, 4846651, 4846610, 4846590, 4846632, 4846638, 4846619, 4846658
4846682, 4846673, 4846669, 4846631, 4846666, 4846643, 4846589, 4846659, 4846642, 4846619, 4846575, 4846656, 4846670, 4846618, 4846635, 4846652, 4846665, 4846660, 4846613, 4846537, 4846638, 4846629, 4846606, 4846651, 4846610, 4846590, 4846632, 4846638, 4846619, 4846658
4846682, 4846673, 4846669, 4846631, 4846666, 4846643, 4846589, 4846659, 4846642, 4846619, 4846575, 4846656, 4846670, 4846618, 4846635, 4846652, 4846665, 4846660, 4846613, 4846537, 4846638, 4846629, 4846660, 4846651, 4846610, 4846590, 4846632, 4846638, 4846619, 4846658
4846682, 4846673, 4846669, 4846631, 4846666, 4846643, 4846589, 4846659, 4846642, 4846619, 4846575, 4846656, 4846670, 4846618, 4846635, 4846652, 4846665, 4846660, 4846613, 4846537, 4846638, 4846629, 4846660, 4846651, 4846610, 4846590, 4846632, 4846638, 4846619, 4846658
4846682, 4846673, 4846669, 4846631, 4846666, 4846643, 4846589, 4846659, 4846642, 4846619, 4846575, 4846656, 4846670, 4846618, 4846635, 4846652, 4846665, 4846660, 4846613, 4846537, 4846638, 4846629, 4846660, 4846651, 4846610, 4846590, 4846632, 4846638, 4846619, 4846658
4846682, 4846673, 4846669, 4846631, 4846666, 4846643, 4846589, 4846659, 4846642, 4846619, 4846575, 4846656, 4846670, 4846618, 4846635, 4846652, 4846665, 4846660, 4846639, 4846537, 4846638, 4846629, 4846660, 4846651, 4846610, 4846590, 4846632, 4846638, 4846619, 4846658
4846682, 4846673, 4846669, 4846631, 4846666, 4846643, 4846589, 4846659, 4846642, 4846619, 4846575, 4846656, 4846670, 4846618, 4846635, 4846652, 4846665, 4846660, 4846639, 4846537, 4846638, 4846629, 4846660, 4846651, 4846610, 4846590, 4846632, 4846638, 4846619, 4846658
4846682, 4846673, 4846669, 4846631, 4846666, 4846643, 4846589, 4846659, 4846642, 4846619, 4846575, 4846656, 4846670, 4846618, 4846635, 4846652, 4846665, 4846660, 4846639, 4846537, 4846638, 4846629, 4846660, 4846651, 4846610, 4846590, 4846632, 4846638, 4846619, 4846658
4846682, 4846673, 4846669, 4846631, 4846666, 4846643, 4846589, 4846661, 4846642, 4846619, 4846575, 4846656, 4846670, 4846618, 4846635, 4846652, 4846665, 4846660, 4846639, 4846537, 4846638, 4846629, 4846660, 4846651, 4846610, 4846590, 4846632, 4846638, 4846619, 4846658
4846682, 4846673, 4846669, 4846631, 4846666, 4846643, 4846589, 4846661, 4846642, 4846619, 4846575, 4846656, 4846670, 4846618, 4846635, 4846652, 4846665, 4846660, 4846639, 4846537, 4846638, 4846629, 4846660, 4846651, 4846610, 4846590, 4846632, 4846638, 4846619, 4846658
4846682, 4846673, 4846669, 4846631, 4846666, 4846643, 4846589, 4846661, 4846642, 4846619, 4846575, 4846656, 4846670, 4846618, 4846635, 4846652, 4846665, 4846660, 4846639, 4846537, 4846638, 4846629, 4846660, 4846651, 4846610, 4846590, 4846632, 4846638, 4846619, 4846658
4846682, 4846673, 4846669, 4846631, 4846666, 4846643, 4846589, 4846661, 4846642, 4846648, 4846575, 4846656, 4846670, 4846618, 4846635, 4846652, 4846665, 4846660, 4846639, 4846537, 4846638, 4846629, 4846660, 4846651, 4846610, 4846590, 4846632, 4846638, 4846619, 4846658
4846682, 4846673, 4846669, 4846631, 4846666, 4846643, 4846589, 4846661, 4846642, 4846648, 4846575, 4846656, 4846670, 4846618, 4846635, 4846652, 4846665, 4846660, 4846639, 4846537, 4846638, 4846629, 4846660, 4846651, 4846610, 4846590, 4846632, 4846638, 4846619, 4846658
4846682, 4846673, 4846669, 4846631, 4846666, 4846643, 4846589, 4846661, 4846642, 4846648, 4846667, 4846656, 4846670, 4846618, 4846635, 4846652, 4846665, 4846660, 4846639, 4846537, 4846638, 4846663, 4846660, 4846651, 4846665, 4846590, 4846632, 4846638, 4846619, 4846658
4846682, 4846673, 4846681, 4846631, 4846666, 4846643, 4846589, 4846661, 4846642, 4846648, 4846667, 4846656, 4846670, 4846618, 4846635, 4846652, 4846665, 4846660, 4846639, 4846537, 4846638, 4846663, 4846660, 4846651, 4846665, 4846590, 4846632, 4846638, 4846619, 4846658
4846682, 4846673, 4846681, 4846674, 4846666, 4846643, 4846589, 4846661, 4846642, 4846648, 4846667, 4846656, 4846670, 4846618, 4846635, 4846652, 4846665, 4846660, 4846639, 4846537, 4846638, 4846663, 4846660, 4846651, 4846665, 4846590, 4846632, 4846638, 4846619, 4846658
4846682, 4846673, 4846681, 4846674, 4846666, 4846643, 4846589, 4846661, 4846642, 4846648, 4846667, 4846656, 4846670, 4846638, 4846635, 4846652, 4846665, 4846660, 4846639, 4846537, 4846638, 4846663, 4846660, 4846651, 4846665, 4846590, 4846632, 4846638, 4846619, 4846658
4846682, 4846673, 4846681, 4846674, 4846666, 4846643, 4846589, 4846661, 4846642, 4846648, 4846667, 4846656, 4846670, 4846638, 4846635, 4846652, 4846665, 4846660, 4846639, 4846537, 4846638, 4846663, 4846660, 4846651, 4846665, 4846590, 4846632, 4846638, 4846619, 4846658
4846682, 4846673, 4846681, 4846674, 4846666, 4846643, 4846589, 4846661, 4846642, 4846648, 4846667, 4846656, 4846670, 4846638, 4846635, 4846652, 4846665, 4846660, 4846639, 4846537, 4846638, 4846663, 4846660, 4846651, 4846665, 4846648, 4846632, 4846638, 4846619, 4846658
4846682, 4846673, 4846681, 4846674, 4846666, 4846643, 4846589, 4846661, 4846642, 4846648, 4846667, 4846656, 4846670, 4846638, 4846635, 4846652, 4846665, 4846660, 4846639, 4846537, 4846638, 4846663, 4846660, 4846651, 4846665, 4846648, 4846632, 4846638, 4846619, 4846658
4846682, 4846673, 4846681, 4846674, 4846666, 4846643, 4846589, 4846661, 4846642, 4846648, 4846667, 4846656, 4846670, 4846638, 4846635, 4846652, 4846665, 4846660, 4846639, 4846537, 4846638, 4846663, 4846660, 4846651, 4846665, 4846648, 4846632, 4846638, 4846619, 4846658
4846682, 4846673, 4846681, 4846674, 4846666, 4846643, 4846589, 4846661, 4846642, 4846648, 4846667, 4846656, 4846670, 4846638, 4846641, 4846652, 4846674, 4846660, 4846639, 4846537, 4846638, 4846663, 4846660, 4846651, 4846665, 4846648, 4846632, 4846638, 4846619, 4846658
4846682, 4846673, 4846681, 4846674, 4846666, 4846643, 4846589, 4846661, 4846642, 4846648, 4846667, 4846656, 4846670, 4846638, 4846641, 4846652, 4846674, 4846660, 4846639, 4846537, 4846638, 4846663, 4846660, 4846651, 4846665, 4846648, 4846632, 4846638, 4846619, 4846658
4846682, 4846673, 4846681, 4846674, 4846668, 4846643, 4846589, 4846661, 4846642, 4846648, 4846667, 4846656, 4846670, 4846638, 4846641, 4846652, 4846674, 4846660, 4846639, 4846537, 4846638, 4846663, 4846660, 4846651, 4846665, 4846648, 4846632, 4846638, 4846619, 4846658
4846682, 4846673, 4846681, 4846674, 4846668, 4846643, 4846589, 4846661, 4846642, 4846648, 4846667, 4846656, 4846670, 4846638, 4846641, 4846652, 4846674, 4846660, 4846639, 4846537, 4846638, 4846663, 4846660, 4846651, 4846665, 4846648, 4846632, 4846638, 4846619, 4846658
4846682, 4846673, 4846681, 4846674, 4846668, 4846643, 4846589, 4846661, 4846642, 4846650, 4846667, 4846656, 4846670, 4846638, 4846641, 4846652, 4846674, 4846660, 4846639, 4846537, 4846638, 4846663, 4846660, 4846651, 4846665, 4846648, 4846632, 4846638, 4846619, 4846658
4846682, 4846673, 4846681, 4846674, 4846668, 4846643, 4846589, 4846661, 4846642, 4846650, 4846667, 4846656, 4846670, 4846638, 4846641, 4846652, 4846674, 4846660, 4846639, 4846537, 4846638, 4846663, 4846660, 4846651, 4846665, 4846648, 4846632, 4846638, 4846619, 4846658
4846682, 4846673, 4846681, 4846674, 4846668, 4846643, 4846589, 4846661, 4846642, 4846650, 4846667, 4846656, 4846670, 4846638, 4846641, 4846652, 4846674, 4846660, 4846639, 4846638, 4846638, 4846663, 4846660, 4846651, 4846665, 4846648, 4846632, 4846638, 4846619, 4846658
4846682, 4846673, 4846681, 4846674, 4846668, 4846643, 4846589, 4846661, 4846642, 4846650, 4846667, 4846656, 4846670, 4846638, 4846641, 4846652, 4846674, 4846660, 4846639, 4846638, 4846638, 4846663, 4846660, 4846651, 4846665, 4846648, 4846632, 4846638, 4846644, 4846658
4846682, 4846673, 4846681, 4846674, 4846668, 4846643, 4846589, 4846661, 4846642, 4846650, 4846667, 4846656, 4846670, 4846638, 4846641, 4846652, 4846674, 4846660, 4846639, 4846638, 4846638, 4846663, 4846660, 4846651, 4846665, 4846648, 4846632, 4846638, 4846644, 4846658
4846682, 4846673, 4846681, 4846674, 4846668, 4846643, 4846589, 4846661, 4846642, 4846650, 4846667, 4846656, 4846670, 4846638, 4846641, 4846652, 4846674, 4846660, 4846639, 4846638, 4846638, 4846663, 4846660, 4846651, 4846665, 4846648, 4846632, 4846638, 4846644, 4846658
4846682, 4846673, 4846681, 4846674, 4846668, 4846643, 4846589, 4846661, 4846642, 4846650, 4846667, 4846656, 4846670, 4846638, 4846641, 4846652, 4846674, 4846660, 4846639, 4846638, 4846638, 4846663, 4846660, 4846651, 4846665, 4846648, 4846632, 4846638, 4846644, 4846658
4846682, 4846673, 4846681, 4846674, 4846668, 4846643, 4846589, 4846661, 4846642, 4846650, 4846667, 4846656, 4846670, 4846638, 4846641, 4846652, 4846674, 4846660, 4846639, 4846638, 4846638, 4846663, 4846660, 4846651, 4846665, 4846648, 4846632, 4846638, 4846644, 4846658
4846682, 4846673, 4846681, 4846674, 4846668, 4846643, 4846589, 4846661, 4846642, 4846650, 4846667, 4846656, 4846670, 4846638, 4846641, 4846652, 4846674, 4846660, 4846639, 4846638, 4846638, 4846663, 4846660, 4846651, 4846665, 4846648, 4846632, 4846638, 4846644, 4846658
4846682, 4846673, 4846681, 4846674, 4846668, 4846643, 4846589, 4846661, 4846642, 4846650, 4846667, 4846656, 4846670, 4846638, 4846641, 4846652, 4846674, 4846660, 4846639, 4846638, 4846638, 4846663, 4846660, 4846651, 4846665, 4846648, 4846632, 4846638, 4846644, 4846658
4846682, 4846673, 4846681, 4846674, 4846668, 4846643, 4846589, 4846661, 4846642, 4846650, 4846667, 4846656, 4846670, 4846638, 4846641, 4846652, 4846674, 4846660, 4846639, 4846638, 4846638, 4846663, 4846660, 4846651, 4846665, 4846648, 4846632, 4846638, 4846644, 4846658
4846682, 4846673, 4846681, 4846674, 4846668, 4846643, 4846589, 4846661, 4846642, 4846650, 4846667, 4846656, 4846670, 4846643, 4846641, 4846652, 4846674, 4846660, 4846639, 4846638, 4846638, 4846663, 4846660, 4846651, 4846665, 4846648, 4846632, 4846638, 4846644, 4846658
4846682, 4846673, 4846681, 4846674, 4846668, 4846643, 4846589, 4846661, 4846642, 4846650, 4846667, 4846656, 4846670, 4846643, 4846641, 4846652, 4846674, 4846660, 4846639, 4846638, 4846638, 4846663, 4846660, 4846651, 4846665, 4846648, 4846632, 4846638, 4846644, 4846658
4846682, 4846673, 4846681, 4846674, 4846668, 4846643, 4846589, 4846661, 4846642, 4846650, 4846667, 4846656, 4846670, 4846643, 4846641, 4846652, 4846674, 4846660, 4846639, 4846638, 4846638, 4846663, 4846660, 4846651, 4846665, 4846648, 4846632, 4846638, 4846644, 4846658
4846682, 4846673, 4846681, 4846674, 4846668, 4846643, 4846589, 4846661, 4846642, 4846650, 4846667, 4846656, 4846670, 4846643, 4846641, 4846652, 4846674, 4846660, 4846639, 4846638, 4846638, 4846663, 4846660, 4846651, 4846665, 4846648, 4846632, 4846638, 4846644, 4846658
4846682, 4846673, 4846681, 4846674, 4846668, 4846689, 4846589, 4846661, 4846642, 4846650, 4846667, 4846656, 4846670, 4846643, 4846641, 4846652, 4846674, 4846660, 4846639, 4846638, 4846638, 4846663, 4846660, 4846651, 4846665, 4846648, 4846632, 4846638, 4846644, 4846658
4846682, 4846673, 4846681, 4846674, 4846668, 4846689, 4846589, 4846661, 4846642, 4846650, 4846667, 4846656, 4846670, 4846643, 4846641, 4846652, 4846674, 4846660, 4846639, 4846638, 4846638, 4846663, 4846660, 4846651, 4846665, 4846648, 4846632, 4846638, 4846644, 4846658
4846682, 4846673, 4846681, 4846674, 4846668, 4846689, 4846589, 4846661, 4846642, 4846650, 4846667, 4846656, 4846670, 4846643, 4846641, 4846652, 4846674, 4846660, 4846639, 4846638, 4846638, 4846663, 4846660, 4846651, 4846665, 4846648, 4846632, 4846638, 4846644, 4846658
4846682, 4846673, 4846681, 4846674, 4846668, 4846689, 4846589, 4846661, 4846642, 4846650, 4846667, 4846656, 4846670, 4846643, 4846641, 4846652, 4846674, 4846660, 4846639, 4846638, 4846638, 4846663, 4846660, 4846651, 4846665, 4846648, 4846632, 4846638, 4846644, 4846658
4846682, 4846673, 4846681, 4846674, 4846668, 4846689, 4846589, 4846661, 4846642, 4846650, 4846667, 4846656, 4846670, 4846643, 4846641, 4846652, 4846674, 4846660, 4846639, 4846638, 4846638, 4846663, 4846660, 4846651, 4846665, 4846648, 4846632, 4846638, 4846644, 4846658
4846682, 4846673, 4846681, 4846674, 4846668, 4846689, 4846589, 4846661, 4846642, 4846650, 4846667, 4846656, 4846670, 4846643, 4846641, 4846652, 4846674, 4846660, 4846639, 4846638, 4846638, 4846663, 4846660, 4846651, 4846665, 4846648, 4846632, 4846638, 4846644, 4846658
4846682, 4846673, 4846681, 4846674, 4846668, 4846689, 4846589, 4846661, 4846642, 4846650, 4846667, 4846656, 4846670, 4846643, 4846641, 4846652, 4846674, 4846660, 4846639, 4846638, 4846638, 4846663, 4846660, 4846651, 4846665, 4846648, 4846632, 4846638, 4846644, 4846658
4846682, 4846673, 4846681, 4846674, 4846668, 4846689, 4846589, 4846661, 4846642, 4846650, 4846667, 4846656, 4846670, 4846643, 4846641, 4846652, 4846674, 4846660, 4846639, 4846638, 4846638, 4846663, 4846660, 4846651, 4846665, 4846648, 4846632, 4846638, 4846644, 4846668
4846682, 4846673, 4846681, 4846674, 4846668, 4846689, 4846589, 4846661, 4846642, 4846650, 4846667, 4846656, 4846670, 4846643, 4846646, 4846652, 4846674, 4846660, 4846639, 4846638, 4846638, 4846663, 4846660, 4846651, 4846665, 4846648, 4846632, 4846638, 4846644, 4846668
4846682, 4846673, 4846681, 4846674, 4846668, 4846689, 4846589, 4846661, 4846642, 4846650, 4846667, 4846656, 4846670, 4846643, 4846646, 4846652, 4846674, 4846660, 4846639, 4846638, 4846638, 4846663, 4846660, 4846651, 4846665, 4846648, 4846632, 4846638, 4846644, 4846668
4846682, 4846673, 4846681, 4846674, 4846668, 4846689, 4846589, 4846661, 4846642, 4846650, 4846667, 4846656, 4846670, 4846643, 4846646, 4846652, 4846674, 4846660, 4846639, 4846638, 4846638, 4846663, 4846660, 4846651, 4846665, 4846648, 4846671, 4846638, 4846644, 4846668
4846682, 4846673, 4846681, 4846674, 4846668, 4846689, 4846589, 4846661, 4846642, 4846650, 4846667, 4846656, 4846670, 4846643, 4846646, 4846652, 4846674, 4846660, 4846639, 4846638, 4846638, 4846663, 4846660, 4846651, 4846665, 4846648, 4846671, 4846638, 4846644, 4846668
4846682, 4846673, 4846681, 4846674, 4846668, 4846689, 4846589, 4846661, 4846642, 4846650, 4846667, 4846656, 4846670, 4846643, 4846646, 4846652, 4846674, 4846660, 4846639, 4846638, 4846638, 4846663, 4846660, 4846651, 4846665, 4846648, 4846671, 4846638, 4846644, 4846668
4846682, 4846673, 4846681, 4846674, 4846668, 4846689, 4846589, 4846661, 4846642, 4846650, 4846667, 4846656, 4846670, 4846643, 4846646, 4846652, 4846674, 4846660, 4846639, 4846638, 4846638, 4846663, 4846660, 4846651, 4846665, 4846648, 4846671, 4846638, 4846644, 4846668
4846682, 4846673, 4846681, 4846674, 4846668, 4846689, 4846589, 4846661, 4846642, 4846650, 4846667, 4846656, 4846670, 4846643, 4846646, 4846652, 4846674, 4846660, 4846639, 4846638, 4846638, 4846663, 4846660, 4846651, 4846665, 4846648, 4846671, 4846638, 4846644, 4846668
4846682, 4846673, 4846681, 4846674, 4846668, 4846689, 4846589, 4846661, 4846642, 4846650, 4846667, 4846656, 4846670, 4846643, 4846646, 4846652, 4846674, 4846660, 4846639, 4846638, 4846638, 4846663, 4846660, 4846651, 4846665, 4846648, 4846671, 4846638, 4846644, 4846668
4846682, 4846673, 4846681, 4846674, 4846668, 4846689, 4846589, 4846661, 4846642, 4846650, 4846667, 4846656, 4846670, 4846643, 4846646, 4846652, 4846674, 4846660, 4846639, 4846638, 4846638, 4846663, 4846660, 4846651, 4846665, 4846648, 4846671, 4846638, 4846644, 4846668
4846682, 4846673, 4846681, 4846674, 4846668, 4846689, 4846589, 4846661, 4846642, 4846650, 4846667, 4846656, 4846670, 4846643, 4846646, 4846652, 4846674, 4846660, 4846639, 4846638, 4846638, 4846663, 4846660, 4846651, 4846665, 4846648, 4846671, 4846638, 4846644, 4846668
4846682, 4846673, 4846681, 4846674, 4846668, 4846689, 4846589, 4846661, 4846650, 4846650, 4846667, 4846656, 4846670, 4846643, 4846646, 4846652, 4846674, 4846660, 4846639, 4846638, 4846638, 4846663, 4846660, 4846651, 4846665, 4846648, 4846671, 4846638, 4846644, 4846668
4846682, 4846673, 4846681, 4846674, 4846668, 4846689, 4846589, 4846661, 4846650, 4846650, 4846667, 4846656, 4846670, 4846643, 4846646, 4846652, 4846674, 4846660, 4846639, 4846638, 4846638, 4846663, 4846660, 4846651, 4846665, 4846648, 4846671, 4846638, 4846644, 4846668
4846682, 4846673, 4846681, 4846674, 4846668, 4846689, 4846589, 4846661, 4846650, 4846650, 4846667, 4846656, 4846670, 4846643, 4846646, 4846652, 4846674, 4846671, 4846639, 4846638, 4846638, 4846663, 4846660, 4846651, 4846665, 4846648, 4846671, 4846638, 4846644, 4846668
4846682, 4846673, 4846681, 4846674, 4846668, 4846689, 4846589, 4846661, 4846650, 4846650, 4846667, 4846656, 4846670, 4846643, 4846646, 4846652, 4846674, 4846671, 4846639, 4846638, 4846638, 4846663, 4846660, 4846651, 4846665, 4846648, 4846671, 4846638, 4846644, 4846668
4846682, 4846673, 4846681, 4846674, 4846668, 4846689, 4846589, 4846661, 4846650, 4846650, 4846667, 4846656, 4846670, 4846643, 4846646, 4846652, 4846674, 4846671, 4846639, 4846638, 4846638, 4846663, 4846660, 4846651, 4846665, 4846648, 4846671, 4846638, 4846644, 4846668
4846682, 4846673, 4846681, 4846674, 4846668, 4846689, 4846589, 4846661, 4846650, 4846650, 4846667, 4846656, 4846670, 4846643, 4846646, 4846652, 4846674, 4846671, 4846639, 4846638, 4846638, 4846663, 4846660, 4846651, 4846665, 4846648, 4846671, 4846638, 4846644, 4846668
4846682, 4846673, 4846681, 4846674, 4846668, 4846689, 4846589, 4846661, 4846650, 4846650, 4846667, 4846656, 4846670, 4846643, 4846646, 4846652, 4846674, 4846671, 4846639, 4846638, 4846638, 4846663, 4846660, 4846651, 4846665, 4846648, 4846671, 4846638, 4846644, 4846668
4846682, 4846673, 4846681, 4846674, 4846668, 4846689, 4846589, 4846661, 4846650, 4846650, 4846667, 4846656, 4846670, 4846643, 4846646, 4846652, 4846674, 4846671, 4846639, 4846638, 4846638, 4846663, 4846660, 4846651, 4846665, 4846648, 4846671, 4846638, 4846644, 4846668
4846682, 4846673, 4846681, 4846674, 4846668, 4846689, 4846589, 4846661, 4846650, 4846650, 4846677, 4846656, 4846670, 4846643, 4846646, 4846652, 4846674, 4846671, 4846655, 4846638, 4846638, 4846663, 4846660, 4846651, 4846665, 4846648, 4846671, 4846638, 4846644, 4846668
4846682, 4846673, 4846681, 4846674, 4846668, 4846689, 4846589, 4846661, 4846650, 4846650, 4846677, 4846665, 4846670, 4846643, 4846646, 4846652, 4846674, 4846671, 4846655, 4846638, 4846638, 4846663, 4846660, 4846651, 4846665, 4846648, 4846671, 4846638, 4846644, 4846668
4846682, 4846673, 4846681, 4846674, 4846668, 4846689, 4846589, 4846661, 4846650, 4846650, 4846677, 4846665, 4846670, 4846643, 4846646, 4846652, 4846674, 4846671, 4846655, 4846638, 4846638, 4846663, 4846660, 4846651, 4846665, 4846648, 4846671, 4846638, 4846644, 4846668
4846682, 4846673, 4846681, 4846674, 4846668, 4846689, 4846589, 4846661, 4846650, 4846650, 4846677, 4846665, 4846670, 4846643, 4846646, 4846652, 4846674, 4846671, 4846655, 4846638, 4846638, 4846663, 4846660, 4846651, 4846665, 4846648, 4846671, 4846638, 4846644, 4846668
4846682, 4846673, 4846681, 4846674, 4846668, 4846689, 4846589, 4846661, 4846650, 4846650, 4846677, 4846665, 4846670, 4846643, 4846646, 4846652, 4846674, 4846671, 4846655, 4846638, 4846638, 4846663, 4846660, 4846651, 4846665, 4846648, 4846671, 4846638, 4846644, 4846668
4846682, 4846673, 4846681, 4846674, 4846668, 4846689, 4846589, 4846661, 4846650, 4846650, 4846677, 4846665, 4846670, 4846643, 4846646, 4846652, 4846674, 4846671, 4846655, 4846638, 4846656, 4846663, 4846660, 4846651, 4846665, 4846648, 4846671, 4846638, 4846644, 4846668
4846682, 4846673, 4846681, 4846674, 4846668, 4846689, 4846589, 4846661, 4846650, 4846650, 4846677, 4846665, 4846670, 4846643, 4846646, 4846652, 4846674, 4846671, 4846655, 4846638, 4846656, 4846663, 4846660, 4846651, 4846665, 4846648, 4846671, 4846638, 4846644, 4846668
4846682, 4846673, 4846681, 4846674, 4846668, 4846689, 4846589, 4846661, 4846650, 4846650, 4846677, 4846665, 4846670, 4846643, 4846646, 4846652, 4846674, 4846671, 4846655, 4846638, 4846656, 4846663, 4846660, 4846651, 4846665, 4846648, 4846671, 4846638, 4846644, 4846668
4846682, 4846673, 4846681, 4846674, 4846668, 4846689, 4846639, 4846661, 4846650, 4846650, 4846677, 4846665, 4846670, 4846643, 4846646, 4846652, 4846674, 4846671, 4846655, 4846638, 4846656, 4846663, 4846660, 4846651, 4846665, 4846648, 4846671, 4846638, 4846644, 4846668
4846682, 4846673, 4846681, 4846674, 4846668, 4846689, 4846639, 4846661, 4846650, 4846650, 4846677, 4846665, 4846670, 4846643, 4846646, 4846652, 4846674, 4846671, 4846655, 4846638, 4846656, 4846663, 4846660, 4846651, 4846665, 4846648, 4846671, 4846638, 4846644, 4846668
4846682, 4846673, 4846681, 4846674, 4846668, 4846689, 4846639, 4846661, 4846650, 4846650, 4846677, 4846665, 4846670, 4846643, 4846646, 4846652, 4846674, 4846671, 4846655, 4846638, 4846656, 4846663, 4846660, 4846651, 4846665, 4846648, 4846671, 4846638, 4846644, 4846673
4846682, 4846673, 4846681, 4846674, 4846668, 4846689, 4846639, 4846661, 4846650, 4846650, 4846677, 4846665, 4846670, 4846643, 4846646, 4846652, 4846674, 4846671, 4846655, 4846638, 4846656, 4846663, 4846660, 4846651, 4846665, 4846648, 4846671, 4846638, 4846644, 4846673
4846682, 4846673, 4846681, 4846674, 4846668, 4846689, 4846639, 4846661, 4846650, 4846650, 4846677, 4846665, 4846670, 4846643, 4846646, 4846652, 4846674, 4846671, 4846655, 4846638, 4846656, 4846663, 4846660, 4846651, 4846665, 4846648, 4846671, 4846638, 4846644, 4846673
4846682, 4846673, 4846681, 4846674, 4846668, 4846689, 4846639, 4846661, 4846650, 4846650, 4846677, 4846665, 4846670, 4846643, 4846646, 4846652, 4846674, 4846671, 4846655, 4846638, 4846656, 4846663, 4846660, 4846651, 4846665, 4846648, 4846671, 4846638, 4846644, 4846673
4846682, 4846673, 4846681, 4846674, 4846668, 4846689, 4846639, 4846661, 4846650, 4846650, 4846677, 4846665, 4846670, 4846643, 4846646, 4846652, 4846674, 4846671, 4846655, 4846638, 4846656, 4846663, 4846660, 4846651, 4846665, 4846648, 4846671, 4846638, 4846644, 4846673
4846682, 4846673, 4846681, 4846674, 4846668, 4846689, 4846639, 4846661, 4846650, 4846650, 4846677, 4846665, 4846670, 4846643, 4846646, 4846652, 4846674, 4846671, 4846655, 4846638, 4846656, 4846663, 4846660, 4846651, 4846665, 4846648, 4846671, 4846638, 4846644, 4846673
4846682, 4846673, 4846681, 4846674, 4846668, 4846689, 4846639, 4846661, 4846650, 4846650, 4846677, 4846665, 4846670, 4846643, 4846646, 4846652, 4846674, 4846671, 4846655, 4846638, 4846656, 4846663, 4846660, 4846651, 4846665, 4846648, 4846671, 4846638, 4846644, 4846673
4846682, 4846673, 4846681, 4846674, 4846668, 4846689, 4846639, 4846661, 4846650, 4846650, 4846677, 4846665, 4846670, 4846643, 4846646, 4846652, 4846674, 4846671, 4846655, 4846638, 4846656, 4846663, 4846660, 4846651, 4846665, 4846648, 4846671, 4846638, 4846644, 4846673
4846682, 4846673, 4846681, 4846674, 4846668, 4846689, 4846639, 4846661, 4846650, 4846650, 4846677, 4846665, 4846670, 4846643, 4846646, 4846652, 4846674, 4846671, 4846655, 4846638, 4846656, 4846663, 4846660, 4846651, 4846665, 4846648, 4846671, 4846638, 4846644, 4846673
4846682, 4846673, 4846681, 4846674, 4846668, 4846689, 4846639, 4846661, 4846650, 4846650, 4846677, 4846665, 4846670, 4846643, 4846646, 4846652, 4846674, 4846671, 4846655, 4846638, 4846656, 4846663, 4846660, 4846651, 4846665, 4846648, 4846671, 4846638, 4846644, 4846673
4846682, 4846673, 4846681, 4846674, 4846668, 4846689, 4846639, 4846661, 4846650, 4846650, 4846680, 4846665, 4846670, 4846643, 4846646, 4846652, 4846674, 4846671, 4846655, 4846638, 4846656, 4846663, 4846660, 4846651, 4846665, 4846648, 4846671, 4846638, 4846644, 4846673
4846682, 4846673, 4846681, 4846674, 4846668, 4846689, 4846639, 4846661, 4846650, 4846650, 4846680, 4846665, 4846670, 4846643, 4846646, 4846652, 4846674, 4846671, 4846655, 4846638, 4846656, 4846663, 4846660, 4846651, 4846665, 4846648, 4846671, 4846638, 4846644, 4846673
4846682, 4846673, 4846681, 4846674, 4846668, 4846689, 4846639, 4846661, 4846650, 4846650, 4846680, 4846665, 4846670, 4846643, 4846646, 4846652, 4846674, 4846671, 4846655, 4846638, 4846656, 4846663, 4846660, 4846651, 4846665, 4846648, 4846671, 4846652, 4846689, 4846673
4846682, 4846673, 4846681, 4846674, 4846668, 4846689, 4846639, 4846661, 4846650, 4846650, 4846680, 4846665, 4846670, 4846643, 4846646, 4846652, 4846674, 4846671, 4846655, 4846638, 4846656, 4846663, 4846660, 4846651, 4846665, 4846648, 4846671, 4846652, 4846689, 4846673
4846682, 4846673, 4846681, 4846674, 4846668, 4846689, 4846639, 4846661, 4846650, 4846650, 4846680, 4846665, 4846670, 4846643, 4846646, 4846652, 4846674, 4846671, 4846655, 4846638, 4846656, 4846663, 4846660, 4846651, 4846665, 4846648, 4846671, 4846652, 4846689, 4846673
4846682, 4846673, 4846681, 4846674, 4846668, 4846689, 4846639, 4846661, 4846650, 4846670, 4846680, 4846665, 4846670, 4846643, 4846646, 4846652, 4846674, 4846671, 4846655, 4846638, 4846656, 4846663, 4846660, 4846651, 4846665, 4846648, 4846671, 4846652, 4846689, 4846673
4846682, 4846673, 4846681, 4846674, 4846668, 4846689, 4846639, 4846661, 4846650, 4846670, 4846680, 4846665, 4846670, 4846643, 4846646, 4846652, 4846674, 4846671, 4846655, 4846638, 4846656, 4846663, 4846660, 4846651, 4846665, 4846648, 4846671, 4846652, 4846689, 4846673
4846682, 4846673, 4846681, 4846674, 4846668, 4846689, 4846639, 4846661, 4846650, 4846670, 4846680, 4846665, 4846670, 4846643, 4846646, 4846652, 4846674, 4846671, 4846655, 4846638, 4846656, 4846663, 4846660, 4846651, 4846665, 4846648, 4846671, 4846652, 4846689, 4846673
4846682, 4846673, 4846681, 4846674, 4846668, 4846689, 4846639, 4846661, 4846650, 4846670, 4846680, 4846665, 4846670, 4846643, 4846646, 4846652, 4846674, 4846671, 4846655, 4846638, 4846656, 4846663, 4846660, 4846651, 4846665, 4846648, 4846671, 4846652, 4846689, 4846673
4846682, 4846673, 4846681, 4846674, 4846668, 4846689, 4846639, 4846661, 4846650, 4846670, 4846680, 4846665, 4846670, 4846643, 4846646, 4846652, 4846674, 4846671, 4846655, 4846638, 4846656, 4846663, 4846660, 4846651, 4846665, 4846648, 4846671, 4846652, 4846689, 4846673
4846682, 4846673, 4846681, 4846674, 4846668, 4846689, 4846639, 4846661, 4846650, 4846670, 4846680, 4846665, 4846670, 4846643, 4846646, 4846652, 4846674, 4846671, 4846655, 4846690, 4846656, 4846663, 4846660, 4846651, 4846665, 4846648, 4846671, 4846652, 4846689, 4846673
4846682, 4846673, 4846681, 4846674, 4846668, 4846689, 4846639, 4846661, 4846650, 4846670, 4846680, 4846665, 4846670, 4846643, 4846646, 4846652, 4846674, 4846671, 4846655, 4846690, 4846656, 4846663, 4846660, 4846651, 4846665, 4846648, 4846671, 4846652, 4846689, 4846673
4846682, 4846673, 4846681, 4846674, 4846668, 4846689, 4846639, 4846661, 4846650, 4846670, 4846680, 4846665, 4846670, 4846643, 4846646, 4846652, 4846674, 4846671, 4846655, 4846690, 4846656, 4846663, 4846660, 4846651, 4846665, 4846648, 4846671, 4846652, 4846689, 4846673
4846682, 4846673, 4846681, 4846674, 4846668, 4846689, 4846639, 4846661, 4846650, 4846670, 4846680, 4846665, 4846670, 4846643, 4846646, 4846652, 4846674, 4846671, 4846655, 4846690, 4846656, 4846663, 4846660, 4846651, 4846665, 4846648, 4846671, 4846652, 4846689, 4846673
4846682, 4846673, 4846681, 4846674, 4846668, 4846689, 4846639, 4846661, 4846650, 4846670, 4846680, 4846665, 4846670, 4846643, 4846646, 4846652, 4846674, 4846671, 4846655, 4846690, 4846656, 4846663, 4846660, 4846651, 4846665, 4846648, 4846671, 4846652, 4846689, 4846673
4846682, 4846673, 4846681, 4846674, 4846668, 4846689, 4846639, 4846661, 4846650, 4846670, 4846680, 4846665, 4846670, 4846643, 4846646, 4846652, 4846674, 4846671, 4846655, 4846690, 4846656, 4846663, 4846660, 4846651, 4846665, 4846648, 4846671, 4846652, 4846689, 4846673
4846682, 4846673, 4846681, 4846674, 4846668, 4846689, 4846639, 4846661, 4846650, 4846670, 4846680, 4846665, 4846670, 4846643, 4846646, 4846652, 4846674, 4846671, 4846655, 4846690, 4846656, 4846663, 4846660, 4846651, 4846665, 4846648, 4846671, 4846652, 4846689, 4846673
4846682, 4846673, 4846681, 4846674, 4846668, 4846689, 4846639, 4846661, 4846650, 4846670, 4846680, 4846665, 4846670, 4846643, 4846646, 4846652, 4846674, 4846671, 4846655, 4846690, 4846656, 4846663, 4846660, 4846651, 4846665, 4846648, 4846671, 4846652, 4846689, 4846673
4846682, 4846673, 4846681, 4846674, 4846668, 4846689, 4846639, 4846661, 4846650, 4846670, 4846680, 4846665, 4846670, 4846643, 4846646, 4846652, 4846674, 4846671, 4846655, 4846690, 4846656, 4846663, 4846660, 4846651, 4846665, 4846648, 4846671, 4846652, 4846689, 4846673
4846682, 4846673, 4846681, 4846674, 4846668, 4846689, 4846639, 4846661, 4846650, 4846670, 4846680, 4846665, 4846670, 4846643, 4846646, 4846652, 4846674, 4846671, 4846655, 4846690, 4846656, 4846663, 4846660, 4846651, 4846665, 4846648, 4846671, 4846652, 4846689, 4846673
4846682, 4846673, 4846681, 4846674, 4846668, 4846689, 4846639, 4846661, 4846650, 4846670, 4846680, 4846665, 4846670, 4846643, 4846670, 4846652, 4846674, 4846671, 4846655, 4846690, 4846656, 4846663, 4846660, 4846651, 4846665, 4846648, 4846671, 4846652, 4846689, 4846673
4846682, 4846673, 4846681, 4846674, 4846668, 4846689, 4846639, 4846661, 4846650, 4846670, 4846680, 4846665, 4846670, 4846643, 4846670, 4846652, 4846674, 4846671, 4846655, 4846690, 4846656, 4846663, 4846660, 4846651, 4846665, 4846648, 4846671, 4846652, 4846689, 4846673
4846682, 4846673, 4846681, 4846674, 4846668, 4846689, 4846639, 4846661, 4846650, 4846670, 4846680, 4846665, 4846670, 4846643, 4846670, 4846652, 4846674, 4846671, 4846655, 4846690, 4846656, 4846663, 4846660, 4846651, 4846665, 4846648, 4846671, 4846652, 4846689, 4846673
4846682, 4846673, 4846681, 4846674, 4846668, 4846689, 4846639, 4846661, 4846650, 4846670, 4846680, 4846665, 4846670, 4846643, 4846670, 4846652, 4846674, 4846671, 4846655, 4846690, 4846656, 4846663, 4846660, 4846651, 4846665, 4846648, 4846671, 4846652, 4846689, 4846673
4846682, 4846673, 4846681, 4846674, 4846668, 4846689, 4846639, 4846661, 4846650, 4846670, 4846680, 4846665, 4846670, 4846643, 4846670, 4846652, 4846674, 4846671, 4846655, 4846690, 4846656, 4846663, 4846660, 4846651, 4846665, 4846648, 4846671, 4846652, 4846689, 4846673
4846682, 4846673, 4846681, 4846674, 4846668, 4846689, 4846639, 4846661, 4846650, 4846670, 4846680, 4846665, 4846670, 4846643, 4846670, 4846652, 4846674, 4846671, 4846655, 4846690, 4846656, 4846663, 4846660, 4846651, 4846665, 4846648, 4846671, 4846652, 4846689, 4846673
4846682, 4846673, 4846681, 4846674, 4846668, 4846689, 4846639, 4846661, 4846650, 4846670, 4846680, 4846665, 4846670, 4846643, 4846670, 4846652, 4846674, 4846671, 4846655, 4846690, 4846656, 4846672, 4846660, 4846651, 4846665, 4846648, 4846671, 4846652, 4846689, 4846673
4846682, 4846673, 4846681, 4846674, 4846668, 4846689, 4846639, 4846661, 4846650, 4846670, 4846680, 4846665, 4846670, 4846643, 4846670, 4846652, 4846674, 4846671, 4846655, 4846690, 4846656, 4846672, 4846660, 4846651, 4846665, 4846648, 4846671, 4846652, 4846689, 4846673
4846682, 4846673, 4846681, 4846674, 4846668, 4846689, 4846639, 4846661, 4846650, 4846670, 4846680, 4846665, 4846670, 4846643, 4846670, 4846652, 4846674, 4846671, 4846655, 4846690, 4846656, 4846672, 4846660, 4846651, 4846665, 4846648, 4846671, 4846652, 4846689, 4846673
4846682, 4846673, 4846681, 4846674, 4846668, 4846689, 4846639, 4846661, 4846650, 4846670, 4846680, 4846665, 4846670, 4846643, 4846670, 4846652, 4846674, 4846671, 4846655, 4846690, 4846656, 4846672, 4846660, 4846651, 4846665, 4846648, 4846671, 4846652, 4846689, 4846673
4846682, 4846673, 4846681, 4846674, 4846668, 4846689, 4846639, 4846661, 4846650, 4846670, 4846680, 4846665, 4846670, 4846643, 4846670, 4846652, 4846674, 4846671, 4846655, 4846690, 4846656, 4846672, 4846660, 4846651, 4846665, 4846648, 4846671, 4846652, 4846689, 4846673
4846682, 4846673, 4846681, 4846674, 4846668, 4846689, 4846639, 4846661, 4846650, 4846670, 4846680, 4846678, 4846670, 4846643, 4846670, 4846652, 4846674, 4846671, 4846655, 4846690, 4846656, 4846672, 4846660, 4846651, 4846665, 4846648, 4846671, 4846652, 4846689, 4846673
4846682, 4846673, 4846681, 4846674, 4846668, 4846689, 4846639, 4846661, 4846650, 4846670, 4846680, 4846678, 4846670, 4846643, 4846670, 4846652, 4846674, 4846671, 4846655, 4846690, 4846656, 4846672, 4846660, 4846651, 4846665, 4846648, 4846671, 4846652, 4846689, 4846673
4846682, 4846673, 4846681, 4846674, 4846669, 4846689, 4846639, 4846661, 4846650, 4846670, 4846680, 4846678, 4846670, 4846643, 4846670, 4846652, 4846674, 4846671, 4846655, 4846690, 4846656, 4846672, 4846660, 4846651, 4846665, 4846648, 4846671, 4846652, 4846689, 4846673
4846682, 4846673, 4846681, 4846674, 4846669, 4846689, 4846639, 4846661, 4846650, 4846670, 4846680, 4846678, 4846670, 4846643, 4846670, 4846652, 4846674, 4846671, 4846655, 4846690, 4846656, 4846672, 4846660, 4846651, 4846665, 4846648, 4846671, 4846652, 4846689, 4846673
4846682, 4846673, 4846681, 4846674, 4846669, 4846689, 4846639, 4846661, 4846650, 4846670, 4846680, 4846678, 4846670, 4846643, 4846670, 4846652, 4846674, 4846671, 4846655, 4846690, 4846656, 4846672, 4846660, 4846651, 4846665, 4846648, 4846671, 4846652, 4846689, 4846673
4846682, 4846673, 4846681, 4846674, 4846669, 4846689, 4846639, 4846661, 4846650, 4846670, 4846680, 4846678, 4846670, 4846643, 4846670, 4846652, 4846674, 4846671, 4846655, 4846690, 4846656, 4846672, 4846660, 4846651, 4846665, 4846648, 4846671, 4846652, 4846689, 4846673
4846682, 4846673, 4846681, 4846674, 4846669, 4846689, 4846639, 4846661, 4846650, 4846670, 4846680, 4846678, 4846670, 4846643, 4846670, 4846652, 4846674, 4846671, 4846655, 4846690, 4846656, 4846672, 4846660, 4846651, 4846665, 4846648, 4846671, 4846652, 4846689, 4846673
4846682, 4846673, 4846681, 4846674, 4846669, 4846689, 4846639, 4846661, 4846650, 4846670, 4846680, 4846678, 4846670, 4846643, 4846670, 4846652, 4846674, 4846671, 4846655, 4846690, 4846656, 4846672, 4846660, 4846651, 4846665, 4846648, 4846671, 4846652, 4846689, 4846673
4846682, 4846673, 4846681, 4846674, 4846669, 4846689, 4846639, 4846661, 4846650, 4846670, 4846680, 4846678, 4846670, 4846643, 4846670, 4846652, 4846674, 4846671, 4846655, 4846690, 4846656, 4846672, 4846660, 4846651, 4846665, 4846648, 4846671, 4846652, 4846689, 4846673
4846682, 4846673, 4846681, 4846674, 4846669, 4846689, 4846639, 4846661, 4846650, 4846670, 4846680, 4846678, 4846670, 4846643, 4846670, 4846652, 4846674, 4846671, 4846655, 4846690, 4846656, 4846672, 4846660, 4846651, 4846665, 4846648, 4846671, 4846652, 4846689, 4846673
4846682, 4846673, 4846681, 4846674, 4846669, 4846689, 4846639, 4846661, 4846650, 4846670, 4846680, 4846678, 4846670, 4846643, 4846670, 4846652, 4846674, 4846671, 4846655, 4846690, 4846656, 4846672, 4846660, 4846651, 4846665, 4846648, 4846671, 4846652, 4846689, 4846673
4846682, 4846673, 4846681, 4846674, 4846669, 4846689, 4846639, 4846661, 4846650, 4846670, 4846680, 4846678, 4846670, 4846643, 4846670, 4846652, 4846674, 4846671, 4846655, 4846690, 4846656, 4846672, 4846660, 4846651, 4846665, 4846648, 4846671, 4846652, 4846689, 4846673
4846682, 4846673, 4846681, 4846674, 4846669, 4846689, 4846639, 4846661, 4846650, 4846670, 4846680, 4846678, 4846671, 4846643, 4846670, 4846652, 4846674, 4846671, 4846655, 4846690, 4846656, 4846672, 4846660, 4846651, 4846665, 4846648, 4846671, 4846652, 4846689, 4846673
4846682, 4846673, 4846681, 4846674, 4846669, 4846689, 4846639, 4846661, 4846650, 4846670, 4846680, 4846678, 4846671, 4846643, 4846670, 4846652, 4846674, 4846671, 4846655, 4846690, 4846656, 4846672, 4846660, 4846651, 4846665, 4846648, 4846671, 4846652, 4846689, 4846673
4846682, 4846673, 4846681, 4846674, 4846669, 4846689, 4846639, 4846661, 4846650, 4846670, 4846680, 4846678, 4846671, 4846643, 4846670, 4846652, 4846674, 4846671, 4846655, 4846690, 4846656, 4846672, 4846660, 4846651, 4846665, 4846648, 4846671, 4846652, 4846689, 4846673
4846682, 4846673, 4846681, 4846674, 4846669, 4846689, 4846639, 4846661, 4846650, 4846670, 4846680, 4846678, 4846671, 4846643, 4846670, 4846652, 4846674, 4846671, 4846655, 4846690, 4846656, 4846672, 4846660, 4846651, 4846665, 4846648, 4846671, 4846652, 4846689, 4846673
4846682, 4846673, 4846681, 4846674, 4846669, 4846689, 4846639, 4846661, 4846650, 4846670, 4846680, 4846678, 4846671, 4846643, 4846670, 4846652, 4846674, 4846671, 4846655, 4846690, 4846656, 4846672, 4846660, 4846651, 4846665, 4846648, 4846671, 4846652, 4846689, 4846673
4846682, 4846673, 4846681, 4846674, 4846669, 4846689, 4846639, 4846661, 4846650, 4846670, 4846680, 4846678, 4846671, 4846643, 4846670, 4846652, 4846674, 4846671, 4846655, 4846690, 4846656, 4846672, 4846660, 4846651, 4846665, 4846648, 4846671, 4846652, 4846689, 4846673
4846682, 4846673, 4846681, 4846674, 4846669, 4846689, 4846639, 4846661, 4846667, 4846670, 4846680, 4846678, 4846671, 4846643, 4846670, 4846652, 4846674, 4846671, 4846655, 4846690, 4846656, 4846672, 4846660, 4846651, 4846665, 4846648, 4846671, 4846652, 4846689, 4846673
4846682, 4846673, 4846681, 4846674, 4846669, 4846689, 4846639, 4846661, 4846667, 4846670, 4846680, 4846678, 4846671, 4846643, 4846670, 4846652, 4846674, 4846671, 4846655, 4846690, 4846656, 4846672, 4846660, 4846651, 4846665, 4846648, 4846671, 4846652, 4846689, 4846673
4846682, 4846673, 4846681, 4846674, 4846669, 4846689, 4846639, 4846661, 4846667, 4846670, 4846680, 4846678, 4846671, 4846643, 4846670, 4846652, 4846674, 4846671, 4846655, 4846690, 4846656, 4846672, 4846660, 4846651, 4846665, 4846648, 4846671, 4846652, 4846689, 4846673
4846682, 4846673, 4846681, 4846674, 4846669, 4846689, 4846639, 4846661, 4846667, 4846670, 4846680, 4846678, 4846671, 4846643, 4846670, 4846652, 4846674, 4846671, 4846655, 4846690, 4846656, 4846688, 4846660, 4846651, 4846665, 4846648, 4846671, 4846652, 4846689, 4846673
4846682, 4846673, 4846681, 4846674, 4846669, 4846689, 4846639, 4846661, 4846667, 4846670, 4846680, 4846678, 4846671, 4846643, 4846670, 4846652, 4846674, 4846671, 4846655, 4846690, 4846656, 4846688, 4846660, 4846651, 4846665, 4846648, 4846671, 4846652, 4846689, 4846673
4846682, 4846673, 4846681, 4846674, 4846669, 4846689, 4846639, 4846661, 4846667, 4846670, 4846680, 4846678, 4846671, 4846643, 4846670, 4846652, 4846674, 4846682, 4846655, 4846690, 4846656, 4846688, 4846660, 4846651, 4846665, 4846648, 4846671, 4846652, 4846689, 4846673
4846682, 4846673, 4846681, 4846674, 4846669, 4846689, 4846639, 4846661, 4846667, 4846670, 4846680, 4846678, 4846671, 4846643, 4846670, 4846652, 4846674, 4846682, 4846655, 4846690, 4846656, 4846688, 4846660, 4846651, 4846665, 4846648, 4846671, 4846652, 4846689, 4846673
4846682, 4846673, 4846681, 4846674, 4846669, 4846689, 4846639, 4846661, 4846667, 4846670, 4846680, 4846678, 4846671, 4846643, 4846670, 4846652, 4846674, 4846682, 4846655, 4846690, 4846656, 4846688, 4846660, 4846651, 4846665, 4846648, 4846671, 4846652, 4846689, 4846673
4846682, 4846673, 4846681, 4846674, 4846669, 4846689, 4846639, 4846661, 4846667, 4846670, 4846680, 4846678, 4846671, 4846643, 4846670, 4846652, 4846674, 4846682, 4846655, 4846690, 4846656, 4846688, 4846660, 4846651, 4846665, 4846648, 4846671, 4846652, 4846689, 4846673
4846682, 4846673, 4846681, 4846674, 4846669, 4846689, 4846639, 4846661, 4846667, 4846670, 4846680, 4846678, 4846671, 4846643, 4846670, 4846652, 4846674, 4846682, 4846655, 4846690, 4846656, 4846688, 4846660, 4846651, 4846665, 4846648, 4846671, 4846652, 4846689, 4846673
4846682, 4846673, 4846681, 4846674, 4846669, 4846689, 4846639, 4846661, 4846667, 4846670, 4846680, 4846678, 4846671, 4846643, 4846670, 4846652, 4846674, 4846682, 4846655, 4846690, 4846656, 4846688, 4846660, 4846651, 4846665, 4846648, 4846671, 4846652, 4846689, 4846673
4846682, 4846673, 4846681, 4846674, 4846669, 4846689, 4846639, 4846661, 4846667, 4846670, 4846680, 4846678, 4846671, 4846643, 4846670, 4846652, 4846674, 4846682, 4846655, 4846690, 4846656, 4846688, 4846660, 4846651, 4846665, 4846648, 4846671, 4846652, 4846689, 4846673
4846682, 4846673, 4846681, 4846674, 4846669, 4846689, 4846639, 4846661, 4846667, 4846670, 4846680, 4846678, 4846671, 4846643, 4846670, 4846652, 4846674, 4846682, 4846655, 4846690, 4846656, 4846688, 4846660, 4846651, 4846665, 4846648, 4846671, 4846652, 4846689, 4846673
4846682, 4846673, 4846681, 4846674, 4846669, 4846689, 4846639, 4846661, 4846667, 4846670, 4846680, 4846678, 4846671, 4846643, 4846670, 4846652, 4846674, 4846682, 4846655, 4846690, 4846656, 4846688, 4846660, 4846651, 4846665, 4846648, 4846671, 4846652, 4846689, 4846673
4846682, 4846673, 4846681, 4846674, 4846669, 4846689, 4846639, 4846661, 4846667, 4846670, 4846680, 4846678, 4846671, 4846643, 4846670, 4846652, 4846674, 4846682, 4846655, 4846690, 4846656, 4846688, 4846660, 4846651, 4846665, 4846648, 4846671, 4846652, 4846689, 4846673
4846682, 4846673, 4846681, 4846674, 4846669, 4846689, 4846652, 4846661, 4846667, 4846670, 4846680, 4846678, 4846671, 4846643, 4846670, 4846652, 4846674, 4846682, 4846655, 4846690, 4846656, 4846688, 4846660, 4846651, 4846665, 4846648, 4846671, 4846652, 4846689, 4846673
4846682, 4846673, 4846681, 4846674, 4846669, 4846689, 4846652, 4846661, 4846667, 4846670, 4846680, 4846678, 4846671, 4846643, 4846670, 4846652, 4846674, 4846682, 4846655, 4846690, 4846656, 4846688, 4846660, 4846651, 4846665, 4846648, 4846671, 4846652, 4846689, 4846673
4846682, 4846673, 4846681, 4846674, 4846669, 4846689, 4846652, 4846661, 4846667, 4846670, 4846680, 4846678, 4846671, 4846643, 4846670, 4846652, 4846674, 4846682, 4846655, 4846690, 4846656, 4846688, 4846660, 4846651, 4846665, 4846648, 4846671, 4846652, 4846689, 4846673
4846682, 4846673, 4846681, 4846674, 4846669, 4846689, 4846652, 4846661, 4846667, 4846670, 4846680, 4846678, 4846671, 4846643, 4846670, 4846652, 4846674, 4846682, 4846655, 4846690, 4846656, 4846688, 4846660, 4846651, 4846665, 4846648, 4846671, 4846652, 4846689, 4846673
4846682, 4846673, 4846681, 4846674, 4846669, 4846689, 4846652, 4846661, 4846667, 4846670, 4846680, 4846678, 4846671, 4846643, 4846670, 4846652, 4846674, 4846682, 4846655, 4846690, 4846656, 4846688, 4846660, 4846651, 4846665, 4846648, 4846671, 4846652, 4846689, 4846673
4846682, 4846673, 4846681, 4846674, 4846669, 4846689, 4846652, 4846661, 4846667, 4846670, 4846680, 4846678, 4846671, 4846643, 4846670, 4846652, 4846674, 4846682, 4846655, 4846690, 4846656, 4846688, 4846660, 4846651, 4846665, 4846648, 4846671, 4846652, 4846689, 4846673
4846682, 4846673, 4846681, 4846674, 4846669, 4846689, 4846652, 4846661, 4846667, 4846670, 4846680, 4846678, 4846671, 4846643, 4846670, 4846652, 4846674, 4846682, 4846655, 4846690, 4846656, 4846688, 4846660, 4846651, 4846665, 4846648, 4846671, 4846652, 4846689, 4846673
4846682, 4846673, 4846681, 4846674, 4846669, 4846689, 4846652, 4846661, 4846667, 4846670, 4846680, 4846678, 4846671, 4846643, 4846670, 4846652, 4846674, 4846682, 4846655, 4846690, 4846656, 4846688, 4846660, 4846651, 4846665, 4846648, 4846671, 4846652, 4846689, 4846673
4846682, 4846673, 4846681, 4846674, 4846669, 4846689, 4846652, 4846661, 4846667, 4846670, 4846680, 4846678, 4846671, 4846643, 4846670, 4846652, 4846674, 4846682, 4846655, 4846690, 4846656, 4846688, 4846660, 4846651, 4846665, 4846648, 4846671, 4846652, 4846689, 4846673
4846682, 4846673, 4846681, 4846674, 4846669, 4846689, 4846652, 4846661, 4846667, 4846670, 4846680, 4846678, 4846671, 4846643, 4846670, 4846652, 4846674, 4846682, 4846655, 4846690, 4846656, 4846688, 4846660, 4846651, 4846665, 4846648, 4846671, 4846652, 4846689, 4846673
4846682, 4846673, 4846681, 4846674, 4846669, 4846689, 4846652, 4846661, 4846667, 4846670, 4846680, 4846678, 4846671, 4846643, 4846670, 4846652, 4846674, 4846682, 4846655, 4846690, 4846656, 4846688, 4846660, 4846651, 4846665, 4846648, 4846671, 4846652, 4846689, 4846673
4846682, 4846673, 4846681, 4846674, 4846669, 4846689, 4846652, 4846661, 4846667, 4846670, 4846680, 4846678, 4846671, 4846643, 4846670, 4846652, 4846674, 4846682, 4846655, 4846690, 4846656, 4846688, 4846660, 4846651, 4846665, 4846648, 4846671, 4846652, 4846689, 4846673
4846682, 4846673, 4846681, 4846674, 4846669, 4846689, 4846652, 4846661, 4846667, 4846670, 4846680, 4846678, 4846671, 4846643, 4846670, 4846652, 4846674, 4846682, 4846655, 4846690, 4846656, 4846688, 4846660, 4846651, 4846665, 4846648, 4846671, 4846652, 4846689, 4846673
4846682, 4846673, 4846681, 4846674, 4846669, 4846689, 4846652, 4846661, 4846667, 4846670, 4846680, 4846678, 4846671, 4846643, 4846670, 4846652, 4846674, 4846682, 4846655, 4846690, 4846656, 4846688, 4846660, 4846651, 4846665, 4846648, 4846671, 4846652, 4846689, 4846673
4846682, 4846673, 4846681, 4846674, 4846669, 4846689, 4846652, 4846661, 4846667, 4846670, 4846680, 4846678, 4846671, 4846643, 4846670, 4846652, 4846674, 4846682, 4846655, 4846690, 4846656, 4846688, 4846660, 4846651, 4846665, 4846648, 4846671, 4846652, 4846689, 4846673
4846682, 4846673, 4846681, 4846674, 4846669, 4846689, 4846652, 4846661, 4846667, 4846670, 4846680, 4846678, 4846671, 4846643, 4846670, 4846652, 4846674, 4846682, 4846655, 4846690, 4846656, 4846688, 4846660, 4846651, 4846665, 4846648, 4846671, 4846652, 4846689, 4846673
4846682, 4846673, 4846681, 4846674, 4846669, 4846689, 4846652, 4846661, 4846667, 4846670, 4846680, 4846678, 4846671, 4846643, 4846670, 4846652, 4846674, 4846682, 4846655, 4846690, 4846656, 4846688, 4846660, 4846651, 4846665, 4846648, 4846671, 4846652, 4846689, 4846673
4846682, 4846673, 4846681, 4846674, 4846669, 4846689, 4846652, 4846661, 4846667, 4846670, 4846680, 4846678, 4846671, 4846643, 4846670, 4846652, 4846674, 4846682, 4846655, 4846690, 4846656, 4846688, 4846660, 4846651, 4846665, 4846648, 4846671, 4846652, 4846689, 4846673
