4846682, 4846653, 4846685
4846673, 4846678, 4846659
4846681, 4846640, 4846661
4846674, 4846629, 4846669
4846669, 4846673, 4846685
4846689, 4846595, 4846667
4846652, 4846637, 4846671
4846661, 4846641, 4846659
4846667, 4846682, 4846681
4846670, 4846655, 4846654
4846680, 4846681, 4846630
4846678, 4846690, 4846659
4846671, 4846653, 4846641
4846643, 4846655, 4846608
4846670, 4846626, 4846663
4846652, 4846641, 4846685
4846674, 4846618, 4846682
4846682, 4846678, 4846694
4846655, 4846665, 4846681
4846690, 4846663, 4846673
4846656, 4846684, 4846654
4846688, 4846513, 4846663
4846660, 4846634, 4846674
4846651, 4846637, 4846676
4846665, 4846659, 4846663
4846648, 4846624, 4846664
4846671, 4846647, 4846671
4846652, 4846642, 4846695
4846689, 4846657, 4846591
4846673, 4846510, 4846663
